{"cameraMode":{"drawMode":0,"name":"Shaded","section":"Shading Mode"},"sceneLighting":false,"audioPlay":false,"sceneViewState":{"m_AlwaysRefresh":false,"showFog":true,"showSkybox":false,"showFlares":true,"showImageEffects":true,"showParticleSystems":true,"showVisualEffectGraphs":true,"m_FxEnabled":true},"in2DMode":false,"pivot":{"x":-4.666727066040039,"y":-0.5935267806053162,"z":4.0335822105407719},"rotation":{"x":0.04240962862968445,"y":-0.46706774830818179,"z":0.02243882790207863,"w":0.8828750848770142},"size":3.208030939102173,"orthographic":true}