{"cameraMode":{"drawMode":0,"name":"Shaded","section":"Shading Mode"},"sceneLighting":true,"audioPlay":false,"sceneViewState":{"m_AlwaysRefresh":false,"showFog":true,"showSkybox":true,"showFlares":true,"showImageEffects":true,"showParticleSystems":true,"showVisualEffectGraphs":true,"m_FxEnabled":true},"in2DMode":false,"pivot":{"x":-2.0053517818450929,"y":10.612430572509766,"z":-10.158575057983399},"rotation":{"x":0.1383349895477295,"y":0.04009149968624115,"z":-0.005636539775878191,"w":0.9895464181900024},"size":12.891281127929688,"orthographic":true}