{"cameraMode":{"drawMode":0,"name":"Shaded","section":"Shading Mode"},"sceneLighting":true,"audioPlay":false,"sceneViewState":{"m_AlwaysRefresh":false,"showFog":true,"showSkybox":true,"showFlares":true,"showImageEffects":true,"showParticleSystems":true,"showVisualEffectGraphs":true,"m_FxEnabled":true},"in2DMode":false,"pivot":{"x":1.7096632719039918,"y":9.245150566101075,"z":-2.6009368896484377},"rotation":{"x":-0.0227985717356205,"y":-0.02789274789392948,"z":0.0006362464628182352,"w":-0.9993528723716736},"size":9.641705513000489,"orthographic":false}